Fund Name,P1,P2,P3,P4,P5,Topsis Score,Rank
M1,0.69,0.48,3.1,62.3,16.64,0.6685293752349176,2
M2,0.91,0.83,4.0,65.4,17.79,0.8830796875397365,1
M3,0.93,0.86,4.8,32.9,9.87,0.38812836161826436,7
M4,0.8,0.64,4.5,48.3,13.56,0.49400199551905566,4
M5,0.76,0.58,4.0,36.0,10.34,0.3267501997531851,8
M6,0.7,0.49,6.8,56.6,16.15,0.4796516241143138,5
M7,0.81,0.66,3.7,38.1,10.82,0.39315010631435365,6
M8,0.62,0.38,6.4,67.6,18.75,0.5709573181258121,3
